novel_qid	novel_title	novel_language	novel_publication_year	novel_vote_count	novel_mention_count	author_qid	author_name	author_sex	novel_goodreads_id	novel_wikipedia_sitelinks	novel_wikipedia_sitelinks_retrieved	author_wikipedia_sitelinks	author_wikipedia_sitelinks_retrieved	novel_qrank	novel_qrank_retrieved	author_qrank	author_qrank_retrieved	novel_goodreads_ratings	novel_goodreads_ratings_retrieved
Q102461080	Grannarne	Swedish	1837	4	1	Q262145	Fredrika Bremer	female	2179543	1	2026-09-21T08:50:43Z	38	2026-09-21T08:50:43Z		2026-09-21T08:50:54Z	48531	2026-09-21T08:50:54Z	116	2026-09-21T08:53:45Z
Q108665083	An Egyptian Princess	German	1864	4	0	Q62765	Georg Ebers	male	2129440	0	2026-09-21T08:50:43Z	24	2026-09-21T08:50:43Z		2026-09-21T08:50:54Z	24601	2026-09-21T08:50:54Z	83	2026-09-21T08:54:15Z
Q111239542	Hammer und Amboß	German	1869	1	0	Q106603	Friedrich Spielhagen	male	20110820	0	2026-09-21T08:50:43Z	12	2026-09-21T08:50:43Z		2026-09-21T08:50:54Z	7154	2026-09-21T08:50:54Z	5	2026-09-21T08:54:43Z
Q112065103	My Novel	English	1853	1	1	Q318462	Edward Bulwer-Lytton	male	40296853	1	2026-09-21T08:50:43Z	44	2026-09-21T08:50:43Z		2026-09-21T08:50:54Z	157846	2026-09-21T08:50:54Z	6	2026-09-21T08:55:03Z
Q1141732	The House of the Seven Gables	English	1851	3	0	Q69339	Nathaniel Hawthorne	male	1483780	13	2026-09-21T08:50:43Z	85	2026-09-21T08:50:43Z	141461	2026-09-21T08:50:54Z	704301	2026-09-21T08:50:54Z	44207	2026-09-21T08:55:23Z
Q1157183	The Antiquary	English	1816	3	0	Q79025	Walter Scott	male	2193544	8	2026-09-21T08:50:43Z	98	2026-09-21T08:50:43Z	13452	2026-09-21T08:50:54Z	828923	2026-09-21T08:50:54Z	837	2026-09-21T08:55:40Z
Q115815108	Ravenshoe	English	1862	1	0	Q322900	Henry Kingsley	male	23739550	1	2026-09-21T08:50:43Z	9	2026-09-21T08:50:43Z	767	2026-09-21T08:50:54Z	2993	2026-09-21T08:50:54Z	12	2026-09-21T08:55:58Z
Q1170032	The Ladies' Paradise	French	1883	1	0	Q504	Émile Zola	male	1540214	18	2026-09-21T08:50:43Z	117	2026-09-21T08:50:43Z	300505	2026-09-21T08:50:54Z	1738644	2026-09-21T08:50:54Z	21862	2026-09-21T08:56:19Z
Q1194031	Wilhelm Meister's Apprenticeship	German	1795/1796	20	3	Q5879	Johann Wolfgang Goethe	male	904823	26	2026-09-21T08:50:43Z	194	2026-09-21T08:50:43Z	128050	2026-09-21T08:50:54Z	3380565	2026-09-21T08:50:54Z	3601	2026-09-21T08:56:43Z
Q1196205	The Vicar of Wakefield	English	1766	6	1	Q236236	Oliver Goldsmith	male	2907686	17	2026-09-21T08:50:43Z	51	2026-09-21T08:50:43Z	67470	2026-09-21T08:50:54Z	154834	2026-09-21T08:50:54Z	10928	2026-09-21T08:57:15Z
Q12060647	Hypatia	English	1853	11	0	Q353238	Charles Kingsley	male	1093940	4	2026-09-21T08:50:43Z	35	2026-09-21T08:50:43Z	12183	2026-09-21T08:50:54Z	76670	2026-09-21T08:50:54Z	172	2026-09-21T08:57:41Z
Q1211109	Toilers of the Sea	French	1866	2	0	Q535	Victor Hugo	male	141821	25	2026-09-21T08:50:43Z	186	2026-09-21T08:50:43Z	75710	2026-09-21T08:50:54Z	3917537	2026-09-21T08:50:54Z	5360	2026-09-21T08:58:09Z
Q121356927	The Recollections of Geoffry Hamlyn	English	1859	0	1	Q322900	Henry Kingsley	male	7119424	1	2026-09-21T08:50:43Z	9	2026-09-21T08:50:43Z	209	2026-09-21T08:50:54Z	2993	2026-09-21T08:50:54Z	23	2026-09-21T08:58:35Z
Q1215018	The Mill on the Floss	English	1860	10	0	Q131333	George Eliot	female	3277447	16	2026-09-21T08:50:43Z	92	2026-09-21T08:50:43Z	133633	2026-09-21T08:50:54Z	815027	2026-09-21T08:50:54Z	60587	2026-09-21T08:58:58Z
Q1218985	The Last Days of Pompeii	English	1834	7	1	Q318462	Edward Bulwer-Lytton	male	2260008	17	2026-09-21T08:50:43Z	44	2026-09-21T08:50:43Z	67671	2026-09-21T08:50:54Z	157846	2026-09-21T08:50:54Z	2640	2026-09-21T08:59:17Z
Q124081440	All in a Garden Fair	English	1883	0	1	Q974852	Walter Besant	male	16416767	0	2026-09-21T08:50:43Z	16	2026-09-21T08:50:43Z		2026-09-21T08:50:54Z	10384	2026-09-21T08:50:54Z	0	2026-09-21T08:59:42Z
Q124082051	Castle Daly: The Story of an Irish Home Thirty Years Ago	English	1875	1	0	Q4769327	Annie Keary	female	7237641	0	2026-09-21T08:50:43Z	1	2026-09-21T08:50:43Z		2026-09-21T08:50:54Z	907	2026-09-21T08:50:54Z	3	2026-09-21T09:00:12Z
Q124082237	Chronicles of the Schönberg-Cotta Family	English	1864	1	1	Q5362566	Elizabeth Charles	female	13480975	0	2026-09-21T08:50:43Z	2	2026-09-21T08:50:43Z		2026-09-21T08:50:54Z	1713	2026-09-21T08:50:54Z	13	2026-09-21T09:00:37Z
Q124084694	Love me Little, Love me Long: A Tale	English	1859	1	0	Q247473	Charles Reade	male	49839126	0	2026-09-21T08:50:43Z	16	2026-09-21T08:50:43Z		2026-09-21T08:50:54Z	15296	2026-09-21T08:50:54Z	8	2026-09-21T09:01:05Z
Q124084794	Mademoiselle Mori: A Tale of Modern Rome	English	1860	1	0	Q58331721	Margaret Roberts	female	46281476	0	2026-09-21T08:50:43Z	0	2026-09-21T08:50:43Z		2026-09-21T08:50:54Z	17	2026-09-21T08:50:54Z	0	2026-09-21T09:01:25Z
Q124086102	Puck: His Vicissitudes, Adventures, Observations, Conclusions, Friendships, and Philosophies	English	1870	1	0	Q258001	Ouida	female	20091027	0	2026-09-21T08:50:43Z	24	2026-09-21T08:50:43Z		2026-09-21T08:50:54Z	47237	2026-09-21T08:50:54Z	4	2026-09-21T09:01:48Z
Q124086124	Quits: A Novel	English	1857	1	1	Q4862977	Jemima von Tautphoeus	female	7307962	0	2026-09-21T08:50:43Z	2	2026-09-21T08:50:43Z		2026-09-21T08:50:54Z	658	2026-09-21T08:50:54Z	1	2026-09-21T09:02:13Z
Q124088237	The Gladiators: A Tale of Rome and Judaea	English	1863	1	0	Q5546247	George Whyte-Melville	male	95301432	0	2026-09-21T08:50:43Z	1	2026-09-21T08:50:43Z		2026-09-21T08:50:54Z	2843	2026-09-21T08:50:54Z	12	2026-09-21T09:02:39Z
Q124090191	The Shadow of the Sword: A Romance	English	1876	1	0	Q5589250	Robert Williams Buchanan	male	14177934	0	2026-09-21T08:50:43Z	5	2026-09-21T08:50:43Z		2026-09-21T08:50:54Z	3958	2026-09-21T08:50:54Z	4	2026-09-21T09:02:57Z
Q13188959	From My Farming Days	German	1863/1864	0	1	Q76492	Fritz Reuter	male	27204138	4	2026-09-21T08:50:43Z	26	2026-09-21T08:50:43Z	3489	2026-09-21T08:50:54Z	42305	2026-09-21T08:50:54Z	15	2026-09-21T09:03:21Z
Q135662	Cupido et Psyche	Latin	0170~	1	0	Q170512	Apuleius	male	26651495	28	2026-09-21T08:50:43Z	76	2026-09-21T08:50:43Z	722161	2026-09-21T08:50:54Z	259405	2026-09-21T08:50:54Z	19420	2026-09-21T09:03:41Z
Q140527	The Three Musketeers	French	1844	1	0	Q38337	Alexandre Dumas	male	1263212	75	2026-09-21T08:50:46Z	117	2026-09-21T08:50:46Z	4126468	2026-09-21T08:50:54Z	3139845	2026-09-21T08:50:54Z	355690	2026-09-21T09:03:58Z
Q141221582	Hedged In	English	1870	0	1	Q5363586	Elizabeth Stuart Phelps Ward	female	8104873	0	2026-09-21T08:50:46Z	8	2026-09-21T08:50:46Z		2026-09-21T08:50:54Z	5953	2026-09-21T08:50:54Z	5	2026-09-21T09:04:20Z
Q141221964	Margaret	English	1845	3	0	Q7660802	Sylvester Judd	male	12519151	0	2026-09-21T08:50:46Z	2	2026-09-21T08:50:46Z		2026-09-21T08:50:54Z	1105	2026-09-21T08:50:54Z	1	2026-09-21T09:04:43Z
Q141221989	Villa Eden: The Country-House on the Rhine	German	1869	2	1	Q76715	Berthold Auerbach	male	13376425	0	2026-09-21T08:50:46Z	25	2026-09-21T08:50:46Z		2026-09-21T08:50:54Z	21665	2026-09-21T08:50:54Z	0	2026-09-21T09:05:06Z
Q141222033	A Princess of Thule	English	1873	2	0	Q1397722	William Black	male	16084229	0	2026-09-21T08:50:46Z	12	2026-09-21T08:50:46Z		2026-09-21T08:50:54Z	6755	2026-09-21T08:50:54Z	7	2026-09-21T09:05:27Z
Q141222054	Put Yourself in His Place	English	1870	2	0	Q247473	Charles Reade	male	6696269	0	2026-09-21T08:50:46Z	16	2026-09-21T08:50:43Z		2026-09-21T08:50:54Z	15296	2026-09-21T08:50:54Z	15	2026-09-21T09:05:47Z
Q141222266	Zenobia; or, The Fall of Palmyra	English	1836/1837	1	0	Q8020024	William Ware	male	19935814	0	2026-09-21T08:50:46Z	3	2026-09-21T08:50:46Z		2026-09-21T08:50:54Z	633	2026-09-21T08:50:54Z	17	2026-09-21T09:06:09Z
Q141222312	Maid of Athens	English	1883	1	0	Q6317871	Justin McCarthy	male	106965165	0	2026-09-21T08:50:46Z	5	2026-09-21T08:50:46Z		2026-09-21T08:50:54Z	1638	2026-09-21T08:50:54Z	0	2026-09-21T09:06:26Z
Q141222394	The Ideal Attained	English	1865	1	0	Q5362126	Eliza Farnham	female	2877451	0	2026-09-21T08:50:46Z	12	2026-09-21T08:50:46Z		2026-09-21T08:50:54Z	3797	2026-09-21T08:50:54Z	0	2026-09-21T09:06:50Z
Q141222423	La Famille de Germandre	French	1861	1	0	Q3816	George Sand	female	37865203	0	2026-09-21T08:50:46Z	87	2026-09-21T08:50:46Z		2026-09-21T08:50:54Z	1251298	2026-09-21T08:50:54Z	2	2026-09-21T09:07:18Z
Q141222435	Good Luck	German	1873	1	0	Q90920	Elisabeth Bürstenbinder	female	23626859	0	2026-09-21T08:50:46Z	10	2026-09-21T08:50:46Z		2026-09-21T08:50:54Z	2653	2026-09-21T08:50:54Z	4	2026-09-21T09:07:44Z
Q141222482	The Perpetual Curate	English	1864	1	0	Q2415217	Margaret Oliphant	female	867450	0	2026-09-21T08:50:46Z	18	2026-09-21T08:50:46Z		2026-09-21T08:50:54Z	21415	2026-09-21T08:50:54Z	180	2026-09-21T09:08:05Z
Q141222543	Faith Gartney's Girlhood	English	1863	0	2	Q4681954	Adeline Dutton Train Whitney	female	17266646	0	2026-09-21T08:50:46Z	6	2026-09-21T08:50:46Z		2026-09-21T08:50:54Z	1911	2026-09-21T08:50:54Z	8	2026-09-21T09:08:22Z
Q141222637	Denis Duval	English	1864/1867	1	1	Q167768	William Makepeace Thackeray	male	16157196	0	2026-09-21T08:50:46Z	70	2026-09-21T08:50:46Z		2026-09-21T08:50:54Z	338320	2026-09-21T08:50:54Z	8	2026-09-21T09:08:47Z
Q141222688	The Story of Avis	English	1877	1	0	Q5363586	Elizabeth Stuart Phelps Ward	female	25171	0	2026-09-21T08:50:46Z	8	2026-09-21T08:50:46Z		2026-09-21T08:50:54Z	5953	2026-09-21T08:50:54Z	246	2026-09-21T09:09:07Z
Q141222715	A Life for a Life	English	1859	1	0	Q2331155	Dinah Craik	female	884170	0	2026-09-21T08:50:46Z	19	2026-09-21T08:50:46Z		2026-09-21T08:50:54Z	10995	2026-09-21T08:50:54Z	32	2026-09-21T09:24:18Z
Q141223688	Robert Falconer	English	1868	13	1	Q368519	George MacDonald	male	339820	0	2026-09-21T08:50:46Z	40	2026-09-21T08:50:46Z		2026-09-21T08:50:54Z	182713	2026-09-21T08:50:54Z	652	2026-09-21T09:24:43Z
Q141223767	The Guardian Angel	English	1867	2	0	Q319829	Oliver Wendell Holmes	male	3390888	0	2026-09-21T08:50:46Z	37	2026-09-21T08:50:46Z		2026-09-21T08:50:54Z	124987	2026-09-21T08:50:54Z	34	2026-09-21T09:39:39Z
Q141223775	John Brent	English	1862	2	0	Q2418747	Theodore Winthrop	male	6808595	0	2026-09-21T08:50:46Z	6	2026-09-21T08:50:46Z		2026-09-21T08:50:54Z	3904	2026-09-21T08:50:54Z	8	2026-09-21T09:39:58Z
Q1448469	An Old-Fashioned Girl	English	1869/1870	0	1	Q185696	Louisa May Alcott	female	3719102	8	2026-09-21T08:50:46Z	75	2026-09-21T08:50:46Z	11518	2026-09-21T08:50:54Z	984884	2026-09-21T08:50:54Z	22981	2026-09-21T09:40:20Z
Q1527881	Hesperus oder 45 Hundposttage	German	1795	1	0	Q77079	Jean Paul	male	67025299	2	2026-09-21T08:50:46Z	42	2026-09-21T08:50:46Z	4914	2026-09-21T08:50:54Z	188911	2026-09-21T08:50:54Z	1	2026-09-21T09:40:46Z
Q1557935	Our Mutual Friend	English	1864/1865	4	0	Q5686	Charles Dickens	male	2888469	20	2026-09-21T08:50:46Z	176	2026-09-21T08:50:46Z	179316	2026-09-21T08:50:54Z	4158626	2026-09-21T08:50:54Z	32054	2026-09-21T09:41:07Z
Q16385244	The Caxtons	English	1849	3	0	Q318462	Edward Bulwer-Lytton	male	3611141	1	2026-09-21T08:50:46Z	44	2026-09-21T08:50:43Z	1317	2026-09-21T08:50:54Z	157846	2026-09-21T08:50:54Z	12	2026-09-21T09:41:34Z
Q16385982	Helen	English	1834	3	0	Q237575	Maria Edgeworth	female	1545129	1	2026-09-21T08:50:46Z	38	2026-09-21T08:50:46Z	1319	2026-09-21T08:50:54Z	48741	2026-09-21T08:50:54Z	331	2026-09-21T09:41:59Z
Q164974	Oliver Twist	English	1838	2	0	Q5686	Charles Dickens	male	3057979	74	2026-09-21T08:50:46Z	176	2026-09-21T08:50:46Z	1616152	2026-09-21T08:50:54Z	4158626	2026-09-21T08:50:54Z	438054	2026-09-21T09:42:22Z
Q16605371	Septimius Felton	English	1872	1	1	Q69339	Nathaniel Hawthorne	male	42750659	1	2026-09-21T08:50:46Z	85	2026-09-21T08:50:43Z	221	2026-09-21T08:50:54Z	704301	2026-09-21T08:50:54Z	42	2026-09-21T09:42:50Z
Q170583	Pride and Prejudice	English	1813	4	1	Q36322	Jane Austen	female	3060926	76	2026-09-21T08:50:46Z	145	2026-09-21T08:50:46Z	3625920	2026-09-21T08:50:54Z	3602666	2026-09-21T08:50:54Z	5013282	2026-09-21T09:43:14Z
Q17103798	Godolphin	English	1833	1	0	Q318462	Edward Bulwer-Lytton	male	13069	1	2026-09-21T08:50:46Z	44	2026-09-21T08:50:43Z	1717	2026-09-21T08:50:54Z	157846	2026-09-21T08:50:54Z	15	2026-09-21T09:43:39Z
Q180736	Les Misérables	French	1862	36	2	Q535	Victor Hugo	male	3208463	74	2026-09-21T08:50:48Z	186	2026-09-21T08:50:43Z	3476809	2026-09-21T08:50:54Z	3917537	2026-09-21T08:50:54Z	865957	2026-09-21T09:44:00Z
Q1810877	Life of Quintus Fixlein	German	1796	1	0	Q77079	Jean Paul	male	3374109	1	2026-09-21T08:50:48Z	42	2026-09-21T08:50:46Z	1771	2026-09-21T08:50:54Z	188911	2026-09-21T08:50:54Z	25	2026-09-21T09:44:22Z
Q181488	Gulliver's Travels	English	1726	1	0	Q41166	Jonathan Swift	male	2394716	75	2026-09-21T08:50:48Z	101	2026-09-21T08:50:48Z	1566820	2026-09-21T08:50:54Z	951820	2026-09-21T08:50:54Z	305339	2026-09-21T09:44:37Z
Q18161660	Nick of the Woods	English	1837	0	1	Q505715	Robert Montgomery Bird	male	1512827	1	2026-09-21T08:50:48Z	10	2026-09-21T08:50:48Z	1558	2026-09-21T08:50:54Z	4217	2026-09-21T08:50:54Z	41	2026-09-21T09:45:04Z
Q182961	Jane Eyre	English	1847	20	2	Q127332	Charlotte Brontë	female	2977639	62	2026-09-21T08:50:48Z	95	2026-09-21T08:50:48Z	1957194	2026-09-21T08:50:54Z	1474009	2026-09-21T08:50:54Z	2415973	2026-09-21T09:59:58Z
Q1853142	North and South	English	1855	1	0	Q229226	Elizabeth Gaskell	female	1016482	19	2026-09-21T08:50:48Z	54	2026-09-21T08:50:48Z	144226	2026-09-21T08:50:54Z	210461	2026-09-21T08:50:54Z	189862	2026-09-21T10:00:22Z
Q189811	David Copperfield	English	1850	26	4	Q5686	Charles Dickens	male	4711940	62	2026-09-21T08:50:48Z	176	2026-09-21T08:50:46Z	1424918	2026-09-21T08:50:54Z	4158626	2026-09-21T08:50:54Z	266593	2026-09-21T10:15:32Z
Q1903609	Martin Chuzzlewit	English	1844	1	0	Q5686	Charles Dickens	male	901325	20	2026-09-21T08:50:48Z	176	2026-09-21T08:50:46Z	82009	2026-09-21T08:50:54Z	4158626	2026-09-21T08:50:54Z	17415	2026-09-21T10:15:53Z
Q19067695	What Will He Do with It?	English	1859	0	1	Q318462	Edward Bulwer-Lytton	male	49117728	1	2026-09-21T08:50:48Z	44	2026-09-21T08:50:43Z	60	2026-09-21T08:50:54Z	157846	2026-09-21T08:50:54Z	12	2026-09-21T10:16:11Z
Q191838	The Count of Monte Cristo	French	1844/1846	0	1	Q38337	Alexandre Dumas	male	391568	64	2026-09-21T08:50:48Z	117	2026-09-21T08:50:46Z	3042094	2026-09-21T08:50:54Z	3139845	2026-09-21T08:50:54Z	1084911	2026-09-21T10:16:41Z
Q19196710	Le Nabab	French	1877	0	0	Q228546	Alphonse Daudet	male	1288641	1	2026-09-21T08:50:48Z	66	2026-09-21T08:50:48Z	1421	2026-09-21T08:50:54Z	297828	2026-09-21T08:50:54Z	33	2026-09-21T10:17:06Z
Q19895083	Peg Woffington	English	1853	1	0	Q247473	Charles Reade	male	11096618	1	2026-09-21T08:50:48Z	16	2026-09-21T08:50:43Z	751	2026-09-21T08:50:54Z	15296	2026-09-21T08:50:54Z	15	2026-09-21T10:17:29Z
Q199940	Ninety-Three	French	1874	1	0	Q535	Victor Hugo	male	474309	23	2026-09-21T08:50:48Z	186	2026-09-21T08:50:43Z	105910	2026-09-21T08:50:54Z	3917537	2026-09-21T08:50:54Z	6842	2026-09-21T10:17:48Z
Q2091094	The Heart of Midlothian	English	1818	18	1	Q79025	Walter Scott	male	841793	10	2026-09-21T08:50:48Z	98	2026-09-21T08:50:43Z	33957	2026-09-21T08:50:54Z	828923	2026-09-21T08:50:54Z	1477	2026-09-21T10:18:13Z
Q2156104	Rob Roy	English	1817	3	0	Q79025	Walter Scott	male	1370975	12	2026-09-21T08:50:48Z	98	2026-09-21T08:50:43Z	62686	2026-09-21T08:50:54Z	828923	2026-09-21T08:50:54Z	10488	2026-09-21T10:18:42Z
Q219552	Great Expectations	English	1861	1	0	Q5686	Charles Dickens	male	2612809	58	2026-09-21T08:50:48Z	176	2026-09-21T08:50:46Z	1897466	2026-09-21T08:50:54Z	4158626	2026-09-21T08:50:54Z	895595	2026-09-21T10:19:00Z
Q2222	Uncle Tom's Cabin	English	1852	24	0	Q102513	Harriet Beecher Stowe	female	2478635	58	2026-09-21T08:50:48Z	85	2026-09-21T08:50:48Z	957870	2026-09-21T08:50:54Z	497493	2026-09-21T08:50:54Z	247247	2026-09-21T10:19:16Z
Q2282375	Siebenkäs	German	1796/1797	1	0	Q77079	Jean Paul	male	1767046	3	2026-09-21T08:50:48Z	42	2026-09-21T08:50:46Z	14346	2026-09-21T08:50:54Z	188911	2026-09-21T08:50:54Z	77	2026-09-21T10:19:40Z
Q2288976	Guy Mannering	English	1815	4	0	Q79025	Walter Scott	male	20030958	8	2026-09-21T08:50:48Z	98	2026-09-21T08:50:43Z	19503	2026-09-21T08:50:54Z	828923	2026-09-21T08:50:54Z	8	2026-09-21T10:20:06Z
Q2298931	Debit and Credit	German	1855	2	0	Q58811	Gustav Freytag	male	6959127	6	2026-09-21T08:50:48Z	31	2026-09-21T08:50:48Z	16745	2026-09-21T08:50:54Z	49955	2026-09-21T08:50:54Z	87	2026-09-21T10:20:28Z
Q23307970	Charles Auchester	English	1853	2	0	Q18537008	Elizabeth Sara Sheppard	female	7362412	1	2026-09-21T08:50:48Z	2	2026-09-21T08:50:48Z	385	2026-09-21T08:50:54Z	488	2026-09-21T08:50:54Z	1	2026-09-21T10:20:50Z
Q2362563	The Moonstone	English	1868	0	1	Q210740	Wilkie Collins	male	1044477	29	2026-09-21T08:50:48Z	52	2026-09-21T08:50:48Z	145502	2026-09-21T08:50:54Z	221113	2026-09-21T08:50:54Z	101310	2026-09-21T10:35:31Z
Q238652	The Pathfinder, or The Inland Sea	English	1840	1	0	Q167856	James Fenimore Cooper	male	3063028	10	2026-09-21T08:50:48Z	66	2026-09-21T08:50:48Z	37882	2026-09-21T08:50:54Z	382936	2026-09-21T08:50:54Z	5051	2026-09-21T10:35:57Z
Q2421868	Synnøve Solbakken	Norwegian	1857	1	0	Q46405	Bjørnstjerne Bjørnson	male	2032682	7	2026-09-21T08:50:48Z	94	2026-09-21T08:50:48Z	4516	2026-09-21T08:50:54Z	142795	2026-09-21T08:50:54Z	1028	2026-09-21T10:51:00Z
Q2449570	Villette	English	1853	5	0	Q127332	Charlotte Brontë	female	40852693	17	2026-09-21T08:50:48Z	95	2026-09-21T08:50:48Z	111047	2026-09-21T08:50:54Z	1474009	2026-09-21T08:50:54Z	84412	2026-09-21T10:51:22Z
Q2468609	Consuelo	French	1842/1844	9	3	Q3816	George Sand	female	100524	6	2026-09-21T08:50:48Z	87	2026-09-21T08:50:46Z	48047	2026-09-21T08:50:54Z	1251298	2026-09-21T08:50:54Z	1924	2026-09-21T11:06:07Z
Q2469230	Quentin Durward	English	1823	3	2	Q79025	Walter Scott	male	3725893	12	2026-09-21T08:50:48Z	98	2026-09-21T08:50:43Z	39675	2026-09-21T08:50:54Z	828923	2026-09-21T08:50:54Z	1536	2026-09-21T11:06:38Z
Q248096	The History of Tom Jones, a Foundling	English	1749	2	3	Q34190	Henry Fielding	male	1350343	32	2026-09-21T08:50:48Z	55	2026-09-21T08:50:48Z	374299	2026-09-21T08:50:54Z	229481	2026-09-21T08:50:54Z	34695	2026-09-21T11:06:56Z
Q2532000	The Quest of the Absolute	French	1834	1	0	Q9711	Honoré de Balzac	male	1638030	11	2026-09-21T08:50:48Z	114	2026-09-21T08:50:48Z	18919	2026-09-21T08:50:54Z	1869952	2026-09-21T08:50:54Z	845	2026-09-21T11:07:18Z
Q2600597	Kenilworth	English	1821	1	1	Q79025	Walter Scott	male	2785634	8	2026-09-21T08:50:48Z	98	2026-09-21T08:50:43Z	24071	2026-09-21T08:50:54Z	828923	2026-09-21T08:50:54Z	819	2026-09-21T11:07:45Z
Q2607078	Mary Barton	English	1848	1	0	Q229226	Elizabeth Gaskell	female	2887963	9	2026-09-21T08:50:48Z	54	2026-09-21T08:50:48Z	33432	2026-09-21T08:50:54Z	210461	2026-09-21T08:50:54Z	22038	2026-09-21T11:08:09Z
Q2611046	Adam Bede	English	1859	34	3	Q131333	George Eliot	female	21503633	11	2026-09-21T08:50:48Z	92	2026-09-21T08:50:43Z	61006	2026-09-21T08:50:54Z	815027	2026-09-21T08:50:54Z	26798	2026-09-21T11:08:33Z
Q2633327	Home of the Gentry	Russian	1859	2	0	Q42831	Ivan Turgenev	male	2214642	18	2026-09-21T08:50:48Z	98	2026-09-21T08:50:48Z	57083	2026-09-21T08:50:54Z	1092337	2026-09-21T08:50:54Z	5921	2026-09-21T11:08:52Z
Q2635218	Histoire de Gil Blas de Santillane	French	1715/1735	1	1	Q267962	Alain-René Lesage	male	9592435	14	2026-09-21T08:50:48Z	38	2026-09-21T08:50:48Z	42378	2026-09-21T08:50:54Z	36067	2026-09-21T08:50:54Z	401	2026-09-21T11:09:24Z
Q265100	Cranford	English	1851/1853	1	0	Q229226	Elizabeth Gaskell	female	1016559	14	2026-09-21T08:50:48Z	54	2026-09-21T08:50:48Z	49398	2026-09-21T08:50:54Z	210461	2026-09-21T08:50:54Z	49460	2026-09-21T11:09:47Z
Q268211	The Pilgrim’s Progress	English	1678/1684	1	0	Q108206	John Bunyan	male	1960084	39	2026-09-21T08:50:51Z	59	2026-09-21T08:50:51Z	514925	2026-09-21T08:50:54Z	280202	2026-09-21T08:50:54Z	164588	2026-09-21T11:10:05Z
Q2700616	The Old Curiosity Shop	English	1840/1841	1	1	Q5686	Charles Dickens	male	5246858	21	2026-09-21T08:50:51Z	176	2026-09-21T08:50:46Z	126480	2026-09-21T08:50:54Z	4158626	2026-09-21T08:50:54Z	24613	2026-09-21T11:10:25Z
Q2701079	The Wandering Jew	French	1844/1845	2	1	Q315220	Eugène Sue	male	21928295	8	2026-09-21T08:50:51Z	41	2026-09-21T08:50:51Z	33100	2026-09-21T08:50:54Z	113182	2026-09-21T08:50:54Z	320	2026-09-21T11:10:48Z
Q2717772	The Abbot	English	1820	1	0	Q79025	Walter Scott	male	841771	7	2026-09-21T08:50:51Z	98	2026-09-21T08:50:43Z	8357	2026-09-21T08:50:54Z	828923	2026-09-21T08:50:54Z	147	2026-09-21T11:11:09Z
Q2718088	Le Curé de village	French	1841	0	1	Q9711	Honoré de Balzac	male	10639566	8	2026-09-21T08:50:51Z	114	2026-09-21T08:50:48Z	5170	2026-09-21T08:50:54Z	1869952	2026-09-21T08:50:54Z	165	2026-09-21T11:11:34Z
Q2740921	Albert Savarus	French	1842	1	1	Q9711	Honoré de Balzac	male	1237457	10	2026-09-21T08:50:51Z	114	2026-09-21T08:50:48Z	4876	2026-09-21T08:50:54Z	1869952	2026-09-21T08:50:54Z	330	2026-09-21T11:11:58Z
Q28491	The Betrothed	Italian	1827	4	2	Q1064	Alessandro Manzoni	male	553434	32	2026-09-21T08:50:51Z	78	2026-09-21T08:50:51Z	414687	2026-09-21T08:50:54Z	531947	2026-09-21T08:50:54Z	18684	2026-09-21T11:12:21Z
Q2851345	Anne of Geierstein	English	1829	0	1	Q79025	Walter Scott	male	1954602	4	2026-09-21T08:50:51Z	98	2026-09-21T08:50:43Z	9423	2026-09-21T08:50:54Z	828923	2026-09-21T08:50:54Z	107	2026-09-21T11:12:45Z
Q2894491	Belinda	English	1801	1	0	Q237575	Maria Edgeworth	female	2968487	4	2026-09-21T08:50:51Z	38	2026-09-21T08:50:46Z	8379	2026-09-21T08:50:54Z	48741	2026-09-21T08:50:54Z	4054	2026-09-21T11:13:07Z
Q29424	Fathers and Sons	Russian	1862	0	0	Q42831	Ivan Turgenev	male	1294426	40	2026-09-21T08:50:51Z	98	2026-09-21T08:50:48Z	386589	2026-09-21T08:50:54Z	1092337	2026-09-21T08:50:54Z	106290	2026-09-21T11:13:32Z
Q30728806	Les Maîtres mosaïstes	French	1838	1	0	Q3816	George Sand	female	48082748	2	2026-09-21T08:50:51Z	87	2026-09-21T08:50:46Z	431	2026-09-21T08:50:54Z	1251298	2026-09-21T08:50:54Z	12	2026-09-21T11:13:54Z
Q308918	A Tale of Two Cities	English	1859	19	1	Q5686	Charles Dickens	male	2956372	55	2026-09-21T08:50:51Z	176	2026-09-21T08:50:46Z	1238166	2026-09-21T08:50:54Z	4158626	2026-09-21T08:50:54Z	1034614	2026-09-21T11:14:18Z
Q313129	Middlemarch	English	1871/1872	8	0	Q131333	George Eliot	female	1461747	27	2026-09-21T08:50:51Z	92	2026-09-21T08:50:43Z	449328	2026-09-21T08:50:54Z	815027	2026-09-21T08:50:54Z	187753	2026-09-21T11:14:42Z
Q3148485	Il dottor Antonio	English	1855	0	1	Q478030	Giovanni Ruffini	male	4929915	5	2026-09-21T08:50:51Z	9	2026-09-21T08:50:51Z	2392	2026-09-21T08:50:54Z	4179	2026-09-21T08:50:54Z	33	2026-09-21T11:15:03Z
Q3203413	The Expedition of Humphry Clinker	English	1771	1	0	Q356283	Tobias Smollett	male	502618	5	2026-09-21T08:50:51Z	39	2026-09-21T08:50:51Z	14425	2026-09-21T08:50:54Z	58403	2026-09-21T08:50:54Z	3593	2026-09-21T11:15:21Z
Q3203517	The History of Henry Esmond	English	1852	22	2	Q167768	William Makepeace Thackeray	male	2096110	3	2026-09-21T08:50:51Z	70	2026-09-21T08:50:46Z	12432	2026-09-21T08:50:54Z	338320	2026-09-21T08:50:54Z	1150	2026-09-21T11:15:42Z
Q3222702	The Marble Faun	English	1860	10	1	Q69339	Nathaniel Hawthorne	male	626017	7	2026-09-21T08:50:51Z	85	2026-09-21T08:50:43Z	28593	2026-09-21T08:50:54Z	704301	2026-09-21T08:50:54Z	3450	2026-09-21T11:16:10Z
Q3234969	Old Mortality	English	1816	4	0	Q79025	Walter Scott	male	2860619	8	2026-09-21T08:50:51Z	98	2026-09-21T08:50:43Z	16868	2026-09-21T08:50:54Z	828923	2026-09-21T08:50:54Z	608	2026-09-21T11:16:32Z
Q3400981	Lorna Doone	English	1869	5	1	Q3316148	Richard Doddridge Blackmore	male	2406767	13	2026-09-21T08:50:51Z	18	2026-09-21T08:50:51Z	87086	2026-09-21T08:50:54Z	18687	2026-09-21T08:50:54Z	16640	2026-09-21T11:16:55Z
Q3521260	The History of Sir Charles Grandison	English	1753/1754	2	0	Q295941	Samuel Richardson	male	1121594	3	2026-09-21T08:50:51Z	45	2026-09-21T08:50:51Z	15537	2026-09-21T08:50:54Z	116959	2026-09-21T08:50:54Z	100	2026-09-21T11:17:14Z
Q3522018	The Newcomes	English	1855	19	1	Q167768	William Makepeace Thackeray	male	1559625	2	2026-09-21T08:50:51Z	70	2026-09-21T08:50:46Z	5549	2026-09-21T08:50:54Z	338320	2026-09-21T08:50:54Z	275	2026-09-21T11:17:42Z
Q3693562	Corinne ou l'Italie	French	1807	5	0	Q123041	Germaine de Staël	female	585774	6	2026-09-21T08:50:51Z	55	2026-09-21T08:50:51Z	17358	2026-09-21T08:50:54Z	313544	2026-09-21T08:50:54Z	689	2026-09-21T11:18:00Z
Q3793666	The Minister's Wooing	English	1859	2	0	Q102513	Harriet Beecher Stowe	female	888367	3	2026-09-21T08:50:51Z	85	2026-09-21T08:50:48Z	2489	2026-09-21T08:50:54Z	497493	2026-09-21T08:50:54Z	352	2026-09-21T11:18:30Z
Q3795630	Le Roman d'un jeune homme pauvre	French	1858	1	0	Q1091989	Octave Feuillet	male	1418986	2	2026-09-21T08:50:51Z	18	2026-09-21T08:50:51Z	3196	2026-09-21T08:50:54Z	11104	2026-09-21T08:50:54Z	84	2026-09-21T11:18:49Z
Q3818437	The Warden	English	1855	1	0	Q318399	Anthony Trollope	male	3102430	3	2026-09-21T08:50:51Z	41	2026-09-21T08:50:51Z	20926	2026-09-21T08:50:54Z	197950	2026-09-21T08:50:54Z	19338	2026-09-21T11:19:11Z
Q40158430	Elle et lui	French	1859	0	1	Q3816	George Sand	female	1804171	3	2026-09-21T08:50:51Z	87	2026-09-21T08:50:46Z	4711	2026-09-21T08:50:54Z	1251298	2026-09-21T08:50:54Z	974	2026-09-21T11:19:46Z
Q421615	Les Aventures de Télémaque	French	1699	1	0	Q310002	François Fénelon	male	940059	15	2026-09-21T08:50:51Z	37	2026-09-21T08:50:51Z	56979	2026-09-21T08:50:54Z	133298	2026-09-21T08:50:54Z	236	2026-09-21T11:20:07Z
Q460583	The Pickwick Papers	English	1836/1837	4	1	Q5686	Charles Dickens	male	3315230	34	2026-09-21T08:50:51Z	176	2026-09-21T08:50:46Z	270169	2026-09-21T08:50:54Z	4158626	2026-09-21T08:50:54Z	33063	2026-09-21T11:20:23Z
Q4658314	A Modern Instance	English	1882	1	0	Q526709	William Dean Howells	male	387174	2	2026-09-21T08:50:51Z	26	2026-09-21T08:50:51Z	1677	2026-09-21T08:50:54Z	41063	2026-09-21T08:50:54Z	435	2026-09-21T11:20:47Z
Q469690	Mansfield Park	English	1814	2	0	Q36322	Jane Austen	female	224016803	37	2026-09-21T08:50:51Z	145	2026-09-21T08:50:46Z	370700	2026-09-21T08:50:54Z	3602666	2026-09-21T08:50:54Z	390268	2026-09-21T11:21:11Z
Q4714138	Alec Forbes of Howglen	English	1865	1	0	Q368519	George MacDonald	male	42103341	1	2026-09-21T08:50:51Z	40	2026-09-21T08:50:46Z	695	2026-09-21T08:50:54Z	182713	2026-09-21T08:50:54Z	823	2026-09-21T11:21:30Z
Q4736895	Alton Locke	English	1850	2	0	Q353238	Charles Kingsley	male	3589628	2	2026-09-21T08:50:51Z	35	2026-09-21T08:50:43Z	2482	2026-09-21T08:50:54Z	76670	2026-09-21T08:50:54Z	62	2026-09-21T11:21:47Z
Q480	Don Quixote	Spanish	1605	10	3	Q5682	Miguel de Cervantes	male	121842	125	2026-09-21T08:50:51Z	188	2026-09-21T08:50:51Z	4291046	2026-09-21T08:50:54Z	2272986	2026-09-21T08:50:54Z	315707	2026-09-21T11:36:52Z
Q4820313	Auf der Höhe	German	1865	22	3	Q76715	Berthold Auerbach	male	10705356	1	2026-09-21T08:50:51Z	25	2026-09-21T08:50:46Z	326	2026-09-21T08:50:54Z	21665	2026-09-21T08:50:54Z	10	2026-09-21T11:37:16Z
Q483034	Robinson Crusoe	English	1719	6	0	Q40946	Daniel Defoe	male	604666	87	2026-09-21T08:50:51Z	103	2026-09-21T08:50:51Z	1890793	2026-09-21T08:50:54Z	893682	2026-09-21T08:50:54Z	339317	2026-09-21T11:51:59Z
Q492384	Titan	German	1800/1803	4	0	Q77079	Jean Paul	male	2004027	4	2026-09-21T08:50:51Z	42	2026-09-21T08:50:46Z	10969	2026-09-21T08:50:54Z	188911	2026-09-21T08:50:54Z	21	2026-09-21T11:52:30Z
Q5110688	Christie Johnstone	English	1853	1	0	Q247473	Charles Reade	male	20736436	2	2026-09-21T08:50:53Z	16	2026-09-21T08:50:43Z	307	2026-09-21T08:50:54Z	15296	2026-09-21T08:50:54Z	15	2026-09-21T12:14:58Z
Q5114053	Chronicles of Barsetshire	English	1855/1867	1	0	Q318399	Anthony Trollope	male		1	2026-09-21T08:50:53Z	41	2026-09-21T08:50:51Z	40758	2026-09-21T08:50:54Z	197950	2026-09-21T08:50:54Z		
Q5233331	David Elginbrod	English	1863	1	0	Q368519	George MacDonald	male	7319	1	2026-09-21T08:50:53Z	40	2026-09-21T08:50:46Z	1970	2026-09-21T08:50:54Z	182713	2026-09-21T08:50:54Z	587	2026-09-21T12:15:24Z
Q5442230	Felix Holt, the Radical	English	1866	4	0	Q131333	George Eliot	female	1513414	6	2026-09-21T08:50:53Z	92	2026-09-21T08:50:43Z	14874	2026-09-21T08:50:54Z	815027	2026-09-21T08:50:54Z	4434	2026-09-21T12:47:41Z
Q552238	Daniel Deronda	English	1876	8	1	Q131333	George Eliot	female	313957	14	2026-09-21T08:50:53Z	92	2026-09-21T08:50:43Z	88689	2026-09-21T08:50:54Z	815027	2026-09-21T08:50:54Z	27243	2026-09-21T12:48:10Z
Q5642996	Far from the Madding Crowd	English	1874	1	0	Q132805	Thomas Hardy	male	914540	24	2026-09-21T08:50:53Z	91	2026-09-21T08:50:53Z	440085	2026-09-21T08:50:54Z	801092	2026-09-21T08:50:54Z	171163	2026-09-21T13:03:07Z
Q5724762	Smoke	Russian	1867	2	1	Q42831	Ivan Turgenev	male	2902142	12	2026-09-21T08:50:53Z	98	2026-09-21T08:50:48Z	25791	2026-09-21T08:50:54Z	1092337	2026-09-21T08:50:54Z	2011	2026-09-21T13:03:33Z
Q60172765	Inheritance	English	1824	0	1	Q7647785	Susan Edmonstone Ferrier	female	6717937	0	2026-09-21T08:50:53Z	4	2026-09-21T08:50:53Z		2026-09-21T08:50:54Z	4210	2026-09-21T08:50:54Z	16	2026-09-21T13:03:46Z
Q612836	Vanity Fair	English	1848	15	1	Q167768	William Makepeace Thackeray	male	1057468	37	2026-09-21T08:50:53Z	70	2026-09-21T08:50:46Z	436625	2026-09-21T08:50:54Z	338320	2026-09-21T08:50:54Z	135286	2026-09-21T13:04:09Z
Q6237289	John Halifax, Gentleman	English	1856	4	1	Q2331155	Dinah Craik	female	1893679	1	2026-09-21T08:50:53Z	19	2026-09-21T08:50:46Z	3783	2026-09-21T08:50:54Z	10995	2026-09-21T08:50:54Z	352	2026-09-21T13:04:30Z
Q6240780	John Inglesant	English	1881	2	1	Q6283945	Joseph Henry Shorthouse	male	17416859	1	2026-09-21T08:50:53Z	1	2026-09-21T08:50:53Z	1022	2026-09-21T08:50:54Z	989	2026-09-21T08:50:54Z	15	2026-09-21T13:04:57Z
Q638327	Silas Marner	English	1861	4	0	Q131333	George Eliot	female	3049535	20	2026-09-21T08:50:53Z	92	2026-09-21T08:50:43Z	171493	2026-09-21T08:50:54Z	815027	2026-09-21T08:50:54Z	96156	2026-09-21T13:05:17Z
Q678251	Waverley	English	1814	2	0	Q79025	Walter Scott	male	1773574	22	2026-09-21T08:50:53Z	98	2026-09-21T08:50:43Z	103576	2026-09-21T08:50:54Z	828923	2026-09-21T08:50:54Z	6289	2026-09-21T13:05:41Z
Q67909796	Ekkehard	German	1855	1	1	Q9082	Joseph Victor von Scheffel	male	4061279	3	2026-09-21T08:50:53Z	19	2026-09-21T08:50:53Z	2826	2026-09-21T08:50:54Z	25933	2026-09-21T08:50:54Z	25	2026-09-21T13:06:01Z
Q7162382	Pendennis	English	1848/1850	3	1	Q167768	William Makepeace Thackeray	male	1501241	3	2026-09-21T08:50:53Z	70	2026-09-21T08:50:46Z	11397	2026-09-21T08:50:54Z	338320	2026-09-21T08:50:54Z	409	2026-09-21T13:06:28Z
Q7363279	Romola	English	1862/1863	36	3	Q131333	George Eliot	female	1581651	9	2026-09-21T08:50:53Z	92	2026-09-21T08:50:43Z	27822	2026-09-21T08:50:54Z	815027	2026-09-21T08:50:54Z	4914	2026-09-21T13:06:47Z
Q7382844	Ruth	English	1853	1	0	Q229226	Elizabeth Gaskell	female	1016503	2	2026-09-21T08:50:53Z	54	2026-09-21T08:50:48Z	12589	2026-09-21T08:50:54Z	210461	2026-09-21T08:50:54Z	10336	2026-09-21T13:07:10Z
Q7699351	Ten Thousand a-Year	English	1841	1	0	Q7412884	Samuel Warren	male	27760030	1	2026-09-21T08:50:53Z	7	2026-09-21T08:50:53Z	843	2026-09-21T08:50:54Z	1269	2026-09-21T08:50:54Z	6	2026-09-21T13:07:37Z
Q7712607	The Adventures of Peregrine Pickle	English	1751	0	1	Q356283	Tobias Smollett	male	2037773	4	2026-09-21T08:50:53Z	39	2026-09-21T08:50:51Z	14810	2026-09-21T08:50:54Z	58403	2026-09-21T08:50:54Z	786	2026-09-21T13:07:59Z
Q7723455	The Cloister and the Hearth	English	1861	3	0	Q247473	Charles Reade	male	19058901	1	2026-09-21T08:50:53Z	16	2026-09-21T08:50:43Z	9265	2026-09-21T08:50:54Z	15296	2026-09-21T08:50:54Z	452	2026-09-21T13:08:23Z
Q7731161	The Duke's Children	English	1879/1880	0	1	Q318399	Anthony Trollope	male	364264	1	2026-09-21T08:50:53Z	41	2026-09-21T08:50:51Z	4363	2026-09-21T08:50:54Z	197950	2026-09-21T08:50:54Z	2996	2026-09-21T13:08:45Z
Q7737514	The Grandissimes	English	1880	2	0	Q1508545	George Washington Cable	male	1345091	1	2026-09-21T08:50:53Z	9	2026-09-21T08:50:53Z	1846	2026-09-21T08:50:54Z	12048	2026-09-21T08:50:54Z	311	2026-09-21T13:09:08Z
Q7745622	The Last Chronicle of Barset	English	1866/1867	1	1	Q318399	Anthony Trollope	male	349169	1	2026-09-21T08:50:53Z	41	2026-09-21T08:50:51Z	6800	2026-09-21T08:50:54Z	197950	2026-09-21T08:50:54Z	6550	2026-09-21T13:09:30Z
Q7772832	The Virginians	English	1857/1859	3	0	Q167768	William Makepeace Thackeray	male	9238525	2	2026-09-21T08:50:53Z	70	2026-09-21T08:50:46Z	6740	2026-09-21T08:50:54Z	338320	2026-09-21T08:50:54Z	119	2026-09-21T13:09:54Z
Q7815103	Tom Brown at Oxford	English	1861	1	1	Q332580	Thomas Hughes	male	2173388	2	2026-09-21T08:50:53Z	19	2026-09-21T08:50:53Z	3971	2026-09-21T08:50:54Z	25977	2026-09-21T08:50:54Z	109	2026-09-21T13:10:18Z
Q7989800	Westward Ho!	English	1855	3	0	Q353238	Charles Kingsley	male	899695	4	2026-09-21T08:50:53Z	35	2026-09-21T08:50:43Z	20439	2026-09-21T08:50:54Z	76670	2026-09-21T08:50:54Z	547	2026-09-21T13:10:37Z
Q8258	One Thousand and One Nights	French	1704/1717	2	0	Q2818964	various authors	unknown	859375	138	2026-09-21T08:50:53Z	6	2026-09-21T08:50:53Z	3015976	2026-09-21T08:50:54Z	26928	2026-09-21T08:50:54Z	83733	2026-09-21T13:10:58Z
Q840974	Ivanhoe	English	1819	34	2	Q79025	Walter Scott	male	1039021	43	2026-09-21T08:50:53Z	98	2026-09-21T08:50:43Z	694600	2026-09-21T08:50:54Z	828923	2026-09-21T08:50:54Z	100783	2026-09-21T13:11:15Z
Q847642	Nicholas Nickleby	English	1839	1	0	Q5686	Charles Dickens	male	4993095	27	2026-09-21T08:50:53Z	176	2026-09-21T08:50:46Z	199510	2026-09-21T08:50:54Z	4158626	2026-09-21T08:50:54Z	47674	2026-09-21T13:11:31Z
Q861017	The Portrait of a Lady	English	1881	1	0	Q170509	Henry James	male	1434368	23	2026-09-21T08:50:53Z	76	2026-09-21T08:50:53Z	225904	2026-09-21T08:50:54Z	708927	2026-09-21T08:50:54Z	86896	2026-09-21T13:11:57Z
Q865211	The Man Who Laughs	French	1869	1	0	Q535	Victor Hugo	male	2335257	24	2026-09-21T08:50:53Z	186	2026-09-21T08:50:43Z	360664	2026-09-21T08:50:54Z	3917537	2026-09-21T08:50:54Z	15623	2026-09-21T13:12:25Z
Q883305	Bleak House	English	1853	8	0	Q5686	Charles Dickens	male	2960365	35	2026-09-21T08:50:53Z	176	2026-09-21T08:50:46Z	340494	2026-09-21T08:50:54Z	4158626	2026-09-21T08:50:54Z	116857	2026-09-21T13:12:55Z
Q89518165	The Old Mam'selle's Secret	German	1867/1868	0	1	Q62950	Eugenie Marlitt	female	6168174	1	2026-09-21T08:50:53Z	20	2026-09-21T08:50:53Z	1882	2026-09-21T08:50:54Z	15552	2026-09-21T08:50:54Z	82	2026-09-21T13:13:24Z
Q907568	The Scarlet Letter	English	1850	38	4	Q69339	Nathaniel Hawthorne	male	4925227	42	2026-09-21T08:50:53Z	85	2026-09-21T08:50:43Z	920681	2026-09-21T08:50:54Z	704301	2026-09-21T08:50:54Z	942431	2026-09-21T13:13:41Z
Q951198	Elective Affinities	German	1809	2	1	Q5879	Johann Wolfgang Goethe	male	1426173	18	2026-09-21T08:50:53Z	194	2026-09-21T08:50:43Z	153037	2026-09-21T08:50:54Z	3380565	2026-09-21T08:50:54Z	14453	2026-09-21T13:28:34Z
Q952340	The Talisman	English	1825	2	0	Q79025	Walter Scott	male	21473898	14	2026-09-21T08:50:53Z	98	2026-09-21T08:50:43Z	30949	2026-09-21T08:50:54Z	828923	2026-09-21T08:50:54Z	2843	2026-09-21T13:29:05Z
Q96374610	Cecil Dreeme	English	1861	2	0	Q2418747	Theodore Winthrop	male	5140193	1	2026-09-21T08:50:53Z	6	2026-09-21T08:50:46Z	1119	2026-09-21T08:50:54Z	3904	2026-09-21T08:50:54Z	106	2026-09-21T13:29:28Z
Q980534	Clarissa	English	1747/1748	2	0	Q295941	Samuel Richardson	male	2767990	12	2026-09-21T08:50:53Z	45	2026-09-21T08:50:51Z	96638	2026-09-21T08:50:54Z	116959	2026-09-21T08:50:54Z	8649	2026-09-21T13:29:57Z
